SMILES,lowest_rep_auto_temp_C_other,code,auto_temp_C,temp_C,temper_C,AIT_C
C,537.0,1.0,536.9,600.0,595.0,537.0
CC,472.0,1.0,471.9,515.0,515.0,472.0
CCCC,450.0,1.0,287.9,405.0,372.0,450.0
CCC,288.0,1.0,449.9,450.0,450.0,288.0
CCCCC,243.0,1.0,242.9,260.0,265.0,243.0
CCCCCC,225.0,1.0,224.9,233.88888888888889,224.0,225.0
CCCCCCC,204.0,1.0,203.9,222.77777777777783,213.0,204.0
CCCCCCCCCCCCCC,200.0,1.0,200.0,200.0,220.0,200.0
CCCCCCCCCCCCCCCCCC,227.0,2.0,201.9,235.0,235.0,227.0
CCCCCCCCCCCCCCCCCCC,230.0,2.0,201.9,230.0,205.0,230.0
CCCCCCCCCCCCCCCCCCCC,232.0,2.0,201.9,201.66666666666669,202.0,232.0
CC(C)C,460.0,1.0,460.0,460.0,460.0,460.0
CCCCC(C)C,280.0,1.0,280.0,280.0,280.0,280.0
CCCC(C)CC,280.0,1.0,280.0,280.0,280.0,280.0
CCCCCCC(C)C,220.0,1.0,220.0,220.0,220.0,220.0
CCCCCC(C)CC,220.0,1.0,220.0,220.0,220.0,220.0
CCCCC(C)CCC,225.0,1.0,220.0,220.0,220.0,225.0
CCCCCCCC(C)C,210.0,1.0,214.0,0.0,214.0,210.0
CCCCCCCCC(C)C,225.0,0.0,0.0,0.0,0.0,225.0
CCCCCCCCCC(C)C,500.0,0.0,0.0,0.0,0.0,500.0
CCCCCCC(C)CC,231.0,2.0,211.9,213.88888888888889,214.0,231.0
CCCCCC(CC)CC,230.0,0.0,0.0,0.0,0.0,230.0
CCCCC(CC)CCC,229.0,0.0,0.0,0.0,0.0,229.0
CC(C)(C)C,450.0,1.0,450.0,450.0,450.0,450.0
CCC(C)C(C)C,335.0,1.0,335.0,337.22222222222223,337.0,335.0
CCCC(C)C(C)C,438.0,2.0,314.9,437.77777777777777,315.0,438.0
CCCCC(C)(C)CC,325.0,0.0,0.0,0.0,0.0,325.0
CCCCCC(C)C(C)C,225.0,1.0,225.0,0.0,0.0,225.0
CCCC(C)C(C)CCC,290.0,0.0,0.0,0.0,0.0,290.0
CCC(CC)C(C)C,460.0,1.0,460.0,0.0,0.0,460.0
CCC(CC)CC(C)C,280.0,0.0,0.0,0.0,0.0,280.0
0,255.0,2.0,375.9,0.0,0.0,255.0
CC(C)CC(C)(C)C,415.0,1.0,411.0,417.77777777777777,410.0,415.0
CCC(C)(C)C(C)C,425.0,1.0,430.0,430.0,430.0,425.0
CCC(C)(C)CCC(C)C,275.0,0.0,0.0,0.0,0.0,275.0
C=C,490.0,1.0,450.0,450.0,450.0,490.0
CC=C,455.0,1.0,455.0,455.0,455.0,455.0
CCC=C,385.0,1.0,383.9,383.88888888888886,384.0,385.0
CC=CC,325.0,0.0,0.0,0.0,0.0,325.0
CCCC=C,275.0,1.0,272.9,272.77777777777777,273.0,275.0
CCCCCCCCC=C,235.0,1.0,235.0,235.0,235.0,235.0
CCCCCCCCCCC=C,255.0,1.0,255.0,255.0,255.0,255.0
CCCCCCCCCCCCC=C,235.0,1.0,235.0,235.0,235.0,235.0
CCCCCCCCCCCCCCCCC=C,250.0,1.0,250.0,250.0,250.0,250.0
CC(C)C=C,365.0,2.0,365.0,365.0,365.0,365.0
CCCC(=C)C,300.0,0.0,0.0,0.0,0.0,300.0
CC(C)CC=C,300.0,1.0,300.0,300.0,304.0,300.0
CCC(=C)CC,315.0,1.0,315.0,315.0,315.0,315.0
CC(C)C(=C)C,360.0,0.0,0.0,0.0,0.0,360.0
CC(=C(C)C)C,401.0,0.0,0.0,0.0,0.0,401.0
CC(=C)CC(C)(C)C,415.0,1.0,419.9,420.0,420.0,415.0
CC(=CC(C)(C)C)C,305.0,0.0,0.0,0.0,0.0,305.0
CC=C(C)C(C)(C)C,325.0,0.0,0.0,0.0,0.0,325.0
C=CC=C,420.0,1.0,428.9,428.88888888888886,420.0,420.0
CC1=CCC(CC1)C(=C)C,237.0,0.0,0.0,0.0,0.0,237.0
CC(=C)C=C,220.0,1.0,220.0,0.0,220.0,220.0
CC1=CC=CC=C1,480.0,0.0,0.0,0.0,0.0,480.0
CCCCC1=CC=CC=C1,410.0,0.0,0.0,0.0,0.0,410.0
CCC1=CC=CC=C1C,440.0,0.0,0.0,0.0,0.0,440.0
CCC1=CC=CC(=C1)C,480.0,0.0,0.0,0.0,0.0,480.0
CCC1=CC=C(C=C1)C,475.0,0.0,0.0,0.0,0.0,475.0
CCC1=CC=CC=C1CC,395.0,0.0,0.0,0.0,0.0,395.0
CC1=CC=C(C=C1)C(C)C,436.0,0.0,0.0,0.0,0.0,436.0
CC(C)C1=CC=CC=C1C(C)C,449.0,0.0,0.0,0.0,0.0,449.0
C=CC1=CC=CC=C1,490.0,0.0,0.0,0.0,0.0,490.0
C1=CC=C(C=C1)C2=CC=CC=C2,540.0,0.0,0.0,0.0,0.0,540.0
CC1=CC=CC=C1C2=CC=CC=C2,495.0,0.0,0.0,0.0,0.0,495.0
CCCC1=CC=CC=C1C2=CC=CC=C2,445.0,0.0,0.0,0.0,0.0,445.0
CCCCC1=CC=CC=C1C2=CC=CC=C2,430.0,0.0,0.0,0.0,0.0,430.0
C1=CC=C(C=C1)CC2=CC=CC=C2,485.0,0.0,0.0,0.0,0.0,485.0
CCC(C1=CC=CC=C1)C2=CC=CC=C2,460.0,0.0,0.0,0.0,0.0,460.0
CCCC(C1=CC=CC=C1)C2=CC=CC=C2,455.0,0.0,0.0,0.0,0.0,455.0
CCC1=CC=CC2=CC=CC=C21,480.0,0.0,0.0,0.0,0.0,480.0
C1CCC2=CC=CC=C2C1,384.0,0.0,0.0,0.0,0.0,384.0
C1CCC2CCCCC2C1,250.0,1.0,250.0,250.0,0.0,250.0
CC12CCCCC1(CCCC2)C,235.0,0.0,0.0,0.0,0.0,235.0
CCC1CCC1,210.0,0.0,0.0,0.0,0.0,210.0
CCC1CCCC1,260.0,1.0,260.0,260.0,260.0,260.0
C1CCCCC1,245.0,1.0,245.0,260.0,245.0,245.0
CCC1(CC)CCCCC1,240.0,0.0,0.0,0.0,304.0,240.0
CO,385.0,1.0,463.9,463.88888888888886,0.0,385.0
CC(C)O,399.0,1.0,398.9,398.88888888888886,0.0,399.0
CCCCO,343.0,1.0,342.9,343.33333333333337,0.0,343.0
CCC(C)O,405.0,1.0,405.9,406.1111111111112,0.0,405.0
CCCC(C)O,343.0,0.0,0.0,343.33333333333337,0.0,343.0
CCC(CC)O,435.0,0.0,0.0,0.0,0.0,435.0
CCCCCCCCCCO,288.0,0.0,0.0,287.77777777777777,0.0,288.0
CCCCCCCCCCCCO,275.0,1.0,275.0,275.0,0.0,275.0
CC(C)(C)O,480.0,1.0,477.9,477.77777777777777,0.0,480.0
CC(C)CCO,350.0,1.0,350.0,350.0,0.0,350.0
C1=CC=C(C=C1)O,715.0,0.0,0.0,0.0,0.0,715.0
CC1=CC=CC=C1O,599.0,0.0,0.0,0.0,0.0,599.0
CC1=CC(=CC=C1)O,599.0,0.0,0.0,0.0,0.0,599.0
CC1=CC=C(C=C1)O,599.0,0.0,0.0,0.0,0.0,599.0
C(CCO)CO,390.0,0.0,0.0,0.0,0.0,390.0
C(COCCO)O,229.0,0.0,0.0,0.0,0.0,229.0
C(COCCOCCO)O,371.0,0.0,0.0,0.0,0.0,371.0
CC(CO)O,371.0,0.0,0.0,0.0,0.0,371.0
CCCC(C(CC)CO)O,335.0,0.0,0.0,0.0,0.0,335.0
CC(CCO)O,395.0,0.0,0.0,0.0,0.0,395.0
CC(C(C)O)O,402.0,0.0,0.0,0.0,0.0,402.0
C1=CC(=CC=C1O)O,515.0,0.0,0.0,0.0,0.0,515.0
C(C(CO)O)O,370.0,0.0,0.0,0.0,0.0,370.0
C=CCO,378.0,0.0,0.0,0.0,0.0,378.0
CCCC(=O)O,450.0,0.0,0.0,0.0,0.0,450.0
CCCCCC(=O)O,380.0,0.0,0.0,0.0,0.0,380.0
C(CCC(=O)O)CC(=O)O,420.0,0.0,0.0,0.0,0.0,420.0
CCCCCCCCCCCCCCCCCC(=O)O,395.0,2.0,201.9,395.0,0.0,395.0
CCCCCCCCC=CCCCCCCCC(=O)O,363.0,0.0,0.0,0.0,0.0,363.0
C1=CC=C(C=C1)C(=O)O,570.0,0.0,0.0,0.0,0.0,570.0
CCOCCOCC,205.0,1.0,205.0,0.0,0.0,205.0
CC(C)OC=C,272.0,0.0,0.0,0.0,0.0,272.0
C1=COC(=C1)C=O,316.0,1.0,315.9,315.5555555555556,0.0,316.0
C1=CC=C(C=C1)C=O,192.0,0.0,0.0,0.0,0.0,192.0
CCCCCC(=O)C,533.0,0.0,0.0,0.0,0.0,533.0
CC(=O)CCC(=O)C,493.0,0.0,0.0,0.0,0.0,493.0
C(CNCCN)N,399.0,0.0,0.0,0.0,0.0,399.0
C(CNCCNCCN)N,338.0,0.0,0.0,0.0,0.0,338.0
C(CO)NCCO,662.0,0.0,0.0,0.0,0.0,662.0
COC(=O)C1=CC=CC=C1O,454.0,0.0,0.0,0.0,0.0,454.0
COC(=O)C1=CC=CC=C1C(=O)OC,556.0,0.0,0.0,0.0,0.0,556.0
C1=CC=C(C=C1)N,615.0,0.0,0.0,0.0,0.0,615.0
CC1=CC=CC=C1N,482.0,0.0,0.0,0.0,0.0,482.0
CC1=CC=C(C=C1)N,482.0,0.0,0.0,0.0,0.0,482.0
CN(C)c1ccccc1,371.0,1.0,370.0,371.1111111111112,0.0,371.0
CCN(CC)C1=CC=CC=C1,630.0,0.0,0.0,0.0,0.0,630.0
COCCO,285.0,1.0,285.0,285.0,0.0,285.0
CCOCCO,235.0,1.0,235.0,235.0,0.0,235.0
C1=CC=C2C(=C1)C(=O)OC2=O,570.0,0.0,0.0,0.0,0.0,570.0
CCl,632.0,1.0,631.9,632.2222222222222,0.0,632.0
[Cl-],519.0,0.0,0.0,0.0,0.0,519.0
CCCCl,520.0,1.0,520.0,520.0,0.0,520.0
CCCCCCl,260.0,1.0,260.0,260.0,0.0,260.0
CCC(CC)Cl,345.0,0.0,0.0,0.0,0.0,345.0
C=CCCl,485.0,0.0,0.0,0.0,0.0,485.0
C(CCl)O,425.0,0.0,0.0,0.0,0.0,425.0
CCC(CCl)Cl,275.0,0.0,0.0,0.0,0.0,275.0
C(CCl)Cl,460.0,0.0,0.0,0.0,0.0,460.0
C1=CC=C(C(=C1)Cl)Cl,648.0,0.0,0.0,0.0,0.0,648.0
CBr,537.0,1.0,537.2,537.2222222222223,0.0,537.0
CCCBr,490.0,1.0,490.0,490.0,0.0,490.0
C=CCBr,295.0,0.0,0.0,0.0,0.0,295.0
C(C(Br)Br)(Br)Br,335.0,0.0,0.0,0.0,0.0,335.0
CCCCCOC(=O)C,360.0,0.0,0.0,0.0,0.0,360.0
CC(=O)OC1CCCCC1,335.0,1.0,333.9,0.0,0.0,335.0
CCC(=O)OC,469.0,1.0,468.9,468.88888888888886,0.0,469.0
CCCCC=O,222.0,1.0,206.9,222.22222222222226,0.0,222.0
CCOC(=O)C=C,383.0,1.0,382.8,382.77777777777777,0.0,383.0
CCCCC(CC)COC(=O)C=C,252.0,1.0,252.0,257.77777777777777,0.0,252.0
CC(C)CC(=O)C,457.0,0.0,0.0,0.0,0.0,457.0
C(=C(Cl)Cl)(C(=C(Cl)Cl)Cl)Cl,610.0,0.0,0.0,0.0,0.0,610.0
Clc1cc(Cl)c(Oc2c(Cl)cc(Cl)cc2Cl)c(Cl)c1,620.0,0.0,0.0,0.0,0.0,620.0
CC(=O)OC(=O)C,316.0,0.0,0.0,0.0,0.0,316.0
CC(C)OC(C)C,443.0,1.0,442.9,443.33333333333337,0.0,443.0
CCOC,190.0,1.0,190.0,190.0,0.0,190.0
C=COC=C,360.0,1.0,360.0,360.0,0.0,360.0
CCCCOCCO,244.0,1.0,238.0,237.77777777777783,0.0,244.0
CCCCOCCOCCO,228.0,1.0,204.9,204.44444444444446,0.0,228.0
C(Cl)Cl,662.0,1.0,615.0,662.2222222222222,0.0,662.0
CC(CCl)Cl,557.0,0.0,0.0,0.0,0.0,557.0
CCBr,511.0,1.0,510.9,511.1111111111112,0.0,511.0
CC(=O)OC=C,427.0,1.0,426.9,426.66666666666674,0.0,427.0
CC(=O)OC,454.0,0.0,0.0,0.0,0.0,454.0
CCOC(=O)C,427.0,0.0,0.0,0.0,0.0,427.0
CCCCOC(=O)C,421.0,0.0,0.0,0.0,0.0,421.0
CC(Cl)(Cl)Cl,458.0,1.0,537.0,537.2222222222223,0.0,458.0
CCCCCl,240.0,1.0,240.0,460.0,0.0,240.0
C(=C(Cl)Cl)Cl,416.0,1.0,410.0,410.0,0.0,416.0
CCCCC(=O)C,533.0,0.0,0.0,0.0,0.0,533.0
C=O,0.0,1.0,430.0,430.0,0.0,430.0
OC=O,0.0,1.0,479.9,601.1111111111112,0.0,601.1111111111112
C[N+]([O-])=O,0.0,1.0,379.0,378.88888888888886,0.0,378.88888888888886
C[Si](Cl)Cl,0.0,1.0,230.0,230.0,0.0,230.0
CS,0.0,2.0,324.9,0.0,0.0,324.9
CN,0.0,1.0,430.0,430.0,0.0,430.0
C[SiH3],0.0,1.0,130.0,130.0,0.0,130.0
[C-]#[O+],0.0,1.0,608.9,608.8888888888888,0.0,608.8888888888888
S=C=S,0.0,1.0,90.0,90.0,0.0,90.0
FC(F)=C(F)F,0.0,1.0,200.0,200.0,0.0,200.0
C#C,0.0,1.0,305.0,305.0,305.0,305.0
BrC(Br)C(Br)Br,0.0,1.0,335.0,335.0,0.0,335.0
ClC(Cl)=C,0.0,1.0,570.0,570.0,0.0,570.0
Cl\C=C/Cl,0.0,1.0,459.9,460.0,0.0,460.0
Cl\C=C\Cl,0.0,1.0,459.9,460.0,0.0,460.0
FC(F)=C,0.0,1.0,639.9,640.0,0.0,640.0
BrC=C,0.0,1.0,530.0,0.0,0.0,530.0
C=CCl,0.0,1.0,471.9,472.22222222222223,0.0,472.22222222222223
CC(F)(F)Cl,0.0,1.0,631.9,631.6666666666667,0.0,631.6666666666667
CC(Cl)=O,0.0,1.0,390.0,390.0,0.0,390.0
COC(Cl)=O,0.0,1.0,504.0,503.88888888888886,0.0,503.88888888888886
C(C(Cl)Cl)Cl,0.0,1.0,460.0,460.0,0.0,460.0
Cl[Si](Cl)(Cl)C=C,0.0,1.0,263.0,0.0,0.0,263.0
C=CF,0.0,1.0,385.0,385.0,0.0,385.0
CC#N,0.0,1.0,523.9,523.8888888888888,0.0,523.8888888888888
CN=C=O,0.0,1.0,530.0,533.8888888888888,0.0,533.8888888888888
[Na+].CC([O-])=O,0.0,1.0,607.0,0.0,0.0,607.0
CC(Cl)Cl,0.0,1.0,458.0,457.77777777777777,0.0,457.77777777777777
ClCCCl,0.0,1.0,412.9,412.77777777777777,0.0,412.77777777777777
CC=O,0.0,1.0,130.0,185.0,0.0,185.0
C1CO1,0.0,1.0,428.9,428.88888888888886,0.0,428.88888888888886
CC(O)=O,0.0,1.0,426.9,426.66666666666674,0.0,426.66666666666674
COC=O,0.0,1.0,456.1,456.1111111111112,0.0,456.1111111111112
CCCl,0.0,1.0,518.9,518.8888888888888,0.0,518.8888888888888
OCCCl,0.0,1.0,425.0,425.0,0.0,425.0
C1CN1,0.0,1.0,320.0,320.0,0.0,320.0
CC[N+]([O-])=O,0.0,1.0,360.0,360.0,0.0,360.0
C=Cc1ccccc1,0.0,1.0,490.0,490.0,480.0,490.0
CC(=O)c1ccccc1,0.0,1.0,571.1,571.1111111111112,0.0,571.1111111111112
Cc1cccc(C=O)c1,0.0,2.0,242.9,0.0,0.0,242.9
C1OCc2ccccc12,0.0,2.0,210.9,0.0,0.0,210.9
COC(=O)c1ccccc1,0.0,1.0,505.0,0.0,0.0,505.0
COC(=O)c1ccccc1O,0.0,1.0,454.9,455.0,0.0,455.0
COc1cc(C=O)ccc1O,0.0,2.0,216.9,0.0,0.0,216.9
CC(=O)Nc1ccccc1,0.0,1.0,530.0,530.0,0.0,530.0
CCc1ccccc1,0.0,1.0,430.0,432.22222222222223,432.0,432.22222222222223
Cc1ccccc1C,0.0,1.0,463.0,463.88888888888886,464.0,463.88888888888886
Cc1cccc(C)c1,0.0,1.0,465.0,527.7777777777778,465.0,527.7777777777778
Cc1ccc(C)cc1,0.0,1.0,528.0,528.8888888888888,529.0,528.8888888888888
Cc1ccccc1CO,0.0,2.0,440.9,0.0,0.0,440.9
Cc1cccc(CO)c1,0.0,2.0,484.9,0.0,0.0,484.9
CC(O)c1ccccc1,0.0,1.0,480.0,0.0,0.0,480.0
CCC1=CC=CC=C1O,0.0,2.0,462.9,0.0,0.0,462.9
CCc1cccc(O)c1,0.0,2.0,484.9,0.0,0.0,484.9
CCc1ccc(O)cc1,0.0,2.0,444.9,0.0,0.0,444.9
Cc1cccc(O)c1C,0.0,2.0,598.9,598.8888888888888,0.0,598.8888888888888
Cc1ccc(O)c(C)c1,0.0,2.0,598.9,598.8888888888888,0.0,598.8888888888888
Cc1ccc(C)c(O)c1,0.0,2.0,598.9,598.8888888888888,0.0,598.8888888888888
Cc1cccc(C)c1O,0.0,2.0,598.9,598.8888888888888,0.0,598.8888888888888
Cc1ccc(O)cc1C,0.0,2.0,598.9,598.8888888888888,0.0,598.8888888888888
Cc1cc(C)cc(O)c1,0.0,2.0,598.9,598.8888888888888,0.0,598.8888888888888
CCc1ccccc1N,0.0,2.0,421.9,0.0,0.0,421.9
CCNc1ccccc1,0.0,2.0,479.0,0.0,0.0,479.0
C=CC1CCC=CC1,0.0,1.0,269.9,270.0,0.0,270.0
O=C=NCCCCCCN=C=O,0.0,2.0,347.9,0.0,0.0,347.9
CCOC(=O)\C=C/C(=O)OCC,0.0,1.0,350.0,350.0,0.0,350.0
CCCCOC(=O)C(C)=C,0.0,1.0,294.0,0.0,0.0,294.0
CC(C)COC(=O)C(C)=C,0.0,1.0,390.0,0.0,0.0,390.0
CCCC(=O)OC(=O)CCC,0.0,1.0,278.9,279.44444444444446,0.0,279.44444444444446
CCOC(=O)CCC(=O)OCC,0.0,2.0,440.9,0.0,0.0,440.9
CCCC1CCCC1,0.0,1.0,269.0,268.8888888888889,269.0,268.8888888888889
CCC1CCCCC1,0.0,1.0,261.9,262.22222222222223,262.0,262.22222222222223
CC1(C)CCCCC1,0.0,2.0,303.9,303.8888888888889,304.0,303.8888888888889
CC1CCCCC1C,0.0,1.0,304.0,303.8888888888889,0.0,303.8888888888889
C[C@H]1CCCC[C@@H]1C,0.0,1.0,304.0,303.8888888888889,0.0,303.8888888888889
C[C@H]1CCC[C@@H](C)C1,0.0,1.0,305.9,306.1111111111112,306.0,306.1111111111112
CC1CCCC(C1)C,0.0,1.0,305.9,306.1111111111112,0.0,306.1111111111112
CC1CCC(C)CC1,0.0,1.0,303.9,303.8888888888889,0.0,303.8888888888889
CC1CCC(CC1)C,0.0,1.0,303.9,303.8888888888889,0.0,303.8888888888889
C1CCCCCCC1,0.0,2.0,156.9,0.0,157.0,156.9
CCCCCCC=C,0.0,1.0,230.0,230.0,250.0,230.0
CCCCCC(C)=C,0.0,2.0,250.9,0.0,0.0,250.9
CC(C)=CC(C)(C)C,0.0,1.0,307.9,307.77777777777777,308.0,307.77777777777777
CCCCC(CC)C=O,0.0,1.0,190.0,190.0,0.0,190.0
CCCCCCCC=O,0.0,1.0,195.9,0.0,0.0,195.9
CCCCCCC(C)=O,0.0,2.0,379.9,0.0,0.0,379.9
CCCCCCCC(O)=O,0.0,2.0,341.9,376.66666666666674,0.0,376.66666666666674
CCCCC(CC)C(O)=O,0.0,1.0,370.9,0.0,0.0,370.9
CC(C)COC(=O)C(C)C,0.0,1.0,432.0,432.22222222222223,0.0,432.22222222222223
OCC1CCC(CO)CC1,0.0,1.0,316.0,0.0,0.0,316.0
CCCCOCCOC(C)=O,0.0,1.0,340.0,0.0,0.0,340.0
CCOCCOCCOC(C)=O,0.0,1.0,360.0,360.0,0.0,360.0
CCCCCCCC,0.0,1.0,205.9,220.0,210.0,220.0
CCCCCC(C)C,0.0,2.0,246.9,246.66666666666669,247.0,246.66666666666669
CCCCC(C)CC,0.0,2.0,238.9,238.88888888888889,245.0,238.88888888888889
CCCC(C)CCC,0.0,2.0,236.9,0.0,237.0,236.9
CCCCC(C)(C)C,0.0,2.0,336.9,436.66666666666674,337.0,436.66666666666674
CCC(C)CC(C)C,0.0,2.0,314.9,436.66666666666674,315.0,436.66666666666674
CC(C)CCC(C)C,0.0,2.0,314.9,436.66666666666674,315.0,436.66666666666674
CCCC(C)(C)CC,0.0,2.0,336.9,436.66666666666674,337.0,436.66666666666674
CCC(C)C(C)CC,0.0,2.0,314.9,436.66666666666674,315.0,436.66666666666674
CCC(C)C(C)(C)C,0.0,1.0,430.0,430.0,430.0,430.0
CC(C)C(C)C(C)C,0.0,2.0,426.9,426.66666666666674,427.0,426.66666666666674
CCCCCCCCO,0.0,2.0,281.9,281.6666666666667,0.0,281.6666666666667
CCCCCCC(C)O,0.0,2.0,285.9,0.0,0.0,285.9
CCCCC(CC)CO,0.0,1.0,287.9,287.77777777777777,0.0,287.77777777777777
CCCCOCCCC,0.0,1.0,194.0,194.44444444444446,0.0,194.44444444444446
CCCCCCOCC,0.0,2.0,191.9,0.0,0.0,191.9
CC(C)COCC(C)C,0.0,2.0,196.9,0.0,0.0,196.9
CC(C)C(O)C(C)(C)CO,0.0,1.0,346.0,0.0,0.0,346.0
CCCCCCOCCO,0.0,2.0,280.0,0.0,0.0,280.0
CCOCCOCCOCC,0.0,1.0,215.9,216.11111111111111,0.0,216.11111111111111
COCCOCCOCCOC,0.0,1.0,190.9,191.11111111111111,0.0,191.11111111111111
CCCCCCCCN,0.0,1.0,250.5,0.0,0.0,250.5
CCCCNCCCC,0.0,1.0,256.0,0.0,0.0,256.0
CC[Pb](CC)(CC)CC,0.0,1.0,127.0,0.0,0.0,127.0
CC[Si](CC)(CC)CC,0.0,1.0,235.0,0.0,0.0,235.0
NCCNCCNCCNCCN,0.0,1.0,300.0,300.0,0.0,300.0
C[Si](C)(C)O[Si](C)(C)O[Si](C)(C)C,0.0,1.0,350.0,0.0,0.0,350.0
C[Si]1(C)O[Si](C)(C)O[Si](C)(C)O[Si](C)(C)O1,0.0,1.0,399.9,400.0,0.0,400.0
c1ccc2cnccc2c1,0.0,2.0,476.9,0.0,0.0,476.9
c1ccc2ncccc2c1,0.0,1.0,480.0,480.0,0.0,480.0
C\C=C/c1ccccc1,0.0,2.0,574.9,0.0,575.0,574.9
Cc1ccc(C=C)cc1,0.0,1.0,575.0,575.0,575.0,575.0
CC(C=O)c1ccccc1,0.0,2.0,227.9,0.0,0.0,227.9
CCOC(=O)c1ccccc1,0.0,1.0,490.0,490.0,0.0,490.0
CC(=O)OCc1ccccc1,0.0,1.0,460.0,461.1111111111112,0.0,461.1111111111112
C1OC1COc2ccccc2,0.0,2.0,221.9,0.0,0.0,221.9
CCOc1cc(C=O)ccc1O,0.0,2.0,205.9,0.0,0.0,205.9
COc1ccc(CC(O)=O)cc1,0.0,2.0,339.9,0.0,0.0,339.9
CC(C)c1ccccc1,0.0,1.0,423.9,423.88888888888886,420.0,423.88888888888886
CCc1cccc(C)c1,0.0,1.0,480.0,480.0,480.0,480.0
CCc1ccccc1C,0.0,1.0,440.0,440.0,440.0,440.0
CCc1ccc(C)cc1,0.0,1.0,475.0,475.0,535.0,475.0
Cc1cccc(C)c1C,0.0,1.0,470.0,470.0,470.0,470.0
Cc1ccc(C)c(C)c1,0.0,1.0,515.0,515.0,515.0,515.0
Cc1cc(C)cc(C)c1,0.0,1.0,550.0,550.0,560.0,550.0
CCCc1ccccc1,0.0,1.0,456.1,456.1111111111112,456.0,456.1111111111112
OCCCc1ccccc1,0.0,2.0,390.9,0.0,0.0,390.9
CC(C)(OO)c1ccccc1,0.0,1.0,148.9,148.88888888888889,0.0,148.88888888888889
CC1=CC(=O)CC(C)(C)C1,0.0,1.0,460.0,460.0,0.0,460.0
CC(=O)OCC(COC(C)=O)OC(C)=O,0.0,1.0,432.9,432.77777777777777,0.0,432.77777777777777
C=CCN(CC=C)CC=C,0.0,2.0,206.9,0.0,0.0,206.9
CCCCCCCC#C,0.0,2.0,232.9,0.0,233.0,232.9
CCCCC1CCCC1,0.0,1.0,250.0,0.0,250.0,250.0
CCCC1CCCCC1,0.0,1.0,248.0,247.77777777777783,248.0,247.77777777777783
CC(C)C1CCCCC1,0.0,1.0,283.0,282.77777777777777,293.0,282.77777777777777
CC1CC(C)CC(C)C1,0.0,1.0,314.0,0.0,0.0,314.0
CCCCCCCC=C,0.0,2.0,243.9,236.66666666666669,237.0,236.66666666666669
CCCCCCC(C)=C,0.0,2.0,210.9,0.0,0.0,210.9
CCCCCCCCC=O,0.0,1.0,195.9,0.0,0.0,195.9
CC(C)CC(=O)CC(C)C,0.0,1.0,396.0,396.1111111111112,0.0,396.1111111111112
CCCCCCCC(C)=O,0.0,2.0,360.0,0.0,0.0,360.0
CCCCC(=O)CCCC,0.0,2.0,360.9,0.0,0.0,360.9
CCCCCCCCC(O)=O,0.0,1.0,315.9,376.66666666666674,0.0,376.66666666666674
CCCCCCC(C)C(O)=O,0.0,2.0,332.9,0.0,0.0,332.9
CCCCCCCCC,0.0,1.0,204.9,206.11111111111111,212.0,206.11111111111111
CCCCCC(C)(C)C,0.0,2.0,314.9,0.0,315.0,314.9
CC(C)CCC(C)(C)C,0.0,2.0,349.9,0.0,350.0,349.9
CCC(CC)(CC)CC,0.0,1.0,290.0,290.0,290.0,290.0
CCC(C(C)C)C(C)C,0.0,1.0,390.0,390.0,390.0,390.0
CCC(C)(C)C(C)(C)C,0.0,1.0,430.0,430.0,430.0,430.0
CC(C)C(C)C(C)(C)C,0.0,2.0,429.9,430.0,430.0,430.0
CC(C)(C)CC(C)(C)C,0.0,2.0,429.9,430.0,430.0,430.0
CC(C)C(C)(C)C(C)C,0.0,1.0,430.0,0.0,430.0,430.0
CCCCCCCCCO,0.0,2.0,276.9,276.6666666666667,0.0,276.6666666666667
CCCCCCCC(C)O,0.0,2.0,273.9,0.0,0.0,273.9
Cc1ccc2ccccc2n1,0.0,2.0,456.9,0.0,0.0,456.9
COC(=O)c1ccccc1C(=O)OC,0.0,1.0,490.0,556.1111111111112,0.0,556.1111111111112
COC(=O)c1ccc(cc1)C(=O)OC,0.0,1.0,570.0,570.0,0.0,570.0
CC(=O)CC(=O)Nc1ccccc1,0.0,1.0,452.6,0.0,0.0,452.6
C1C=CC2C3CC(C=C3)C12,0.0,1.0,510.0,510.0,510.0,510.0
C1CCc2ccccc2C1,0.0,1.0,383.9,383.88888888888886,0.0,383.88888888888886
CCCOC(=O)c1ccccc1,0.0,2.0,444.9,0.0,0.0,444.9
CCCCc1ccccc1,0.0,1.0,410.0,412.22222222222223,412.0,412.22222222222223
CC(C)Cc1ccccc1,0.0,1.0,427.9,427.77777777777777,425.0,427.77777777777777
CCC(C)c1ccccc1,0.0,1.0,417.9,417.77777777777777,415.0,417.77777777777777
CC(C)(C)C1=CC=CC=C1,0.0,1.0,450.0,450.0,0.0,450.0
CC(C)c1cccc(C)c1,0.0,2.0,435.9,436.1111111111112,436.0,436.1111111111112
CC(C)c1ccccc1C,0.0,2.0,396.9,376.66666666666674,436.0,376.66666666666674
CC(C)c1ccc(C)cc1,0.0,1.0,435.0,436.1111111111112,436.0,436.1111111111112
CCc1ccccc1CC,0.0,1.0,395.0,395.0,395.0,395.0
CCc1cccc(CC)c1,0.0,1.0,450.0,450.0,450.0,450.0
CCc1ccc(CC)cc1,0.0,1.0,430.0,430.0,430.0,430.0
Cc1ccc(C)c(C)c1C,0.0,2.0,426.9,0.0,427.0,426.9
Cc1cc(C)c(C)c(C)c1,0.0,2.0,427.0,427.22222222222223,427.0,427.22222222222223
Cc1cc(C)c(C)cc1C,0.0,2.0,426.9,0.0,427.0,426.9
CC(C)Oc1cccc(C)c1,0.0,2.0,407.9,0.0,0.0,407.9
CCN(CC)c1ccccc1,0.0,1.0,332.0,332.22222222222223,0.0,332.22222222222223
CCc1cccc(CC)c1N,0.0,2.0,415.9,0.0,0.0,415.9
CC(=C)[C@@H]1CCC(=CC1)C,0.0,1.0,236.9,236.66666666666669,0.0,236.66666666666669
CC1=CCC2CC1C2(C)C,0.0,1.0,255.0,255.0,0.0,255.0
CC1(C)C2CCC(=C)C1C2,0.0,2.0,254.9,255.0,0.0,255.0
C1C2CC3CC1CC(C2)C3,0.0,2.0,287.0,0.0,287.0,287.0
CC1(C)C2CCC1(C)C(=O)C2,0.0,1.0,466.1,466.1111111111112,0.0,466.1111111111112
CCCCCCCCC#C,0.0,2.0,223.9,0.0,224.0,223.9
CC1=CC[C@@H](CC1)C(C)(C)O,0.0,2.0,300.9,0.0,0.0,300.9
CCCCC1CCCCC1,0.0,1.0,246.0,246.11111111111111,246.0,246.11111111111111
CCCCCCCC(C)=C,0.0,2.0,235.9,0.0,0.0,235.9
CCCCCCCCCC=O,0.0,2.0,196.9,0.0,0.0,196.9
CCCCCCCCCC(O)=O,0.0,2.0,274.9,376.66666666666674,0.0,376.66666666666674
CCCCOCCOCCOC(C)=O,0.0,1.0,290.0,0.0,0.0,290.0
CCCCCCCCCC,0.0,1.0,200.9,207.77777777777783,205.0,207.77777777777783
CCCCCC(C)CCC,0.0,2.0,211.9,0.0,212.0,211.9
CCCCC(C)CCCC,0.0,2.0,211.9,0.0,212.0,211.9
CCC(C)CC(C)(C)CC,0.0,2.0,381.9,0.0,382.0,381.9
CCCC(C)(C)C(C)(C)C,0.0,2.0,440.9,0.0,441.0,440.9
CC(C)(C)CCC(C)(C)C,0.0,2.0,436.9,0.0,479.0,436.9
CCCCCCCCCCS,0.0,2.0,209.9,0.0,0.0,209.9
CC(C)(C)NCCNC(C)(C)C,0.0,2.0,331.9,0.0,0.0,331.9
NCCNCCNCCNCCNCCN,0.0,2.0,239.9,0.0,0.0,239.9
C[Si](C)(C)O[Si](C)(C)O[Si](C)(C)O[Si](C)(C)C,0.0,1.0,350.0,0.0,0.0,350.0
C[Si]1(C)O[Si](C)(C)O[Si](C)(C)O[Si](C)(C)O[Si](C)(C)O1,0.0,1.0,391.9,0.0,0.0,391.9
CC1=CC=CC2=CC=CC=C12,0.0,1.0,528.9,528.8888888888888,0.0,528.8888888888888
Cc1ccc2ccccc2c1,0.0,2.0,528.9,528.8888888888888,488.0,528.8888888888888
CCCCOC(=O)c1ccccc1,0.0,1.0,440.0,0.0,0.0,440.0
Cc1cc(C)c(C)c(C)c1C,0.0,2.0,429.9,0.0,430.0,429.9
CCCCCCCCCC=C,0.0,2.0,236.9,236.66666666666669,237.0,236.66666666666669
CCCCCCCCCCC=O,0.0,2.0,196.9,0.0,0.0,196.9
CCCCCCCCCCC(O)=O,0.0,2.0,261.9,0.0,0.0,261.9
CCCCCCCCCCC,0.0,2.0,201.9,201.66666666666669,240.0,201.66666666666669
CCCCCCCCCCCO,0.0,2.0,264.9,276.6666666666667,0.0,276.6666666666667
CCCCCCCCCCCS,0.0,2.0,202.9,0.0,0.0,202.9
c1ccc(cc1)c2ccccc2,0.0,1.0,540.0,540.0,570.0,540.0
O(c1ccccc1)c2ccccc2,0.0,1.0,618.0,617.7777777777778,0.0,617.7777777777778
Nc1ccc(cc1)c2ccccc2,0.0,1.0,450.0,450.0,0.0,450.0
N(c1ccccc1)c2ccccc2,0.0,1.0,633.9,633.8888888888888,0.0,633.8888888888888
CCc1cccc2ccccc12,0.0,1.0,480.0,480.0,481.0,480.0
CCc1ccc2ccccc2c1,0.0,2.0,476.9,0.0,477.0,476.9
Nc1ccc(Nc2ccccc2)cc1,0.0,2.0,530.9,0.0,0.0,530.9
N(Nc1ccccc1)c2ccccc2,0.0,2.0,530.9,0.0,0.0,530.9
CCOC(=O)c1ccccc1C(=O)OCC,0.0,1.0,457.0,457.22222222222223,0.0,457.22222222222223
CC1=CC2C(C1)C3CC2C(=C3)C,0.0,2.0,231.9,0.0,0.0,231.9
CC(C)c1cccc(c1)C(C)C,0.0,1.0,448.9,76.66666666666667,449.0,76.66666666666667
CC(C)c1ccc(cc1)C(C)C,0.0,1.0,448.9,76.66666666666667,449.0,76.66666666666667
CCc1ccc(CC)c(CC)c1,0.0,2.0,366.9,0.0,367.0,366.9
CCc1cc(CC)cc(CC)c1,0.0,2.0,366.9,0.0,0.0,366.9
CC1(C)CC(CC(C)(CN=C=O)C1)N=C=O,0.0,2.0,342.9,0.0,0.0,342.9
CC12CC3CC(C1)CC(C)(C3)C2,0.0,2.0,341.9,0.0,342.0,341.9
O=C1CCCCC1C2CCCCC2,0.0,2.0,328.9,0.0,0.0,328.9
C1CCC(CC1)C2CCCCC2,0.0,1.0,245.0,245.0,245.0,245.0
CCCCCCCCCCCC=O,0.0,2.0,196.9,0.0,0.0,196.9
CCCCCCCCCCCC(O)=O,0.0,2.0,250.9,376.66666666666674,0.0,376.66666666666674
CCCCCCCCCCCC,0.0,1.0,202.9,203.88888888888889,200.0,203.88888888888889
CCCCCCCCC(C)CC,0.0,2.0,206.9,0.0,207.0,206.9
CCCCCCOCCCCCC,0.0,1.0,185.0,185.0,0.0,185.0
CCCCOCCOCCOCCCC,0.0,1.0,202.9,202.77777777777783,0.0,202.77777777777783
CCCCCCCCCCCCN,0.0,2.0,233.9,0.0,0.0,233.9
C[Si](C)(C)O[Si](C)(C)O[Si](C)(C)O[Si](C)(C)O[Si](C)(C)C,0.0,1.0,350.0,0.0,0.0,350.0
C[Si](C)(C)O[Si](O[Si](C)(C)C)(O[Si](C)(C)C)O[Si](C)(C)C,0.0,1.0,391.9,0.0,0.0,391.9
C(c1ccccc1)c2ccccc2,0.0,1.0,485.0,485.0,485.0,485.0
Cc1ccccc1c2ccccc2,0.0,1.0,502.0,0.0,0.0,502.0
CCCCCCCCCCCCC=O,0.0,2.0,240.9,0.0,0.0,240.9
CCCCCCCCCCCCC,0.0,2.0,201.9,201.66666666666669,202.0,201.66666666666669
CCCCCCCCCCCCCO,0.0,2.0,276.9,0.0,0.0,276.9
c1ccc2cc3ccccc3cc2c1,0.0,1.0,540.0,540.0,540.0,540.0
O=C(OOC(=O)c1ccccc1)c2ccccc2,0.0,1.0,102.9,0.0,0.0,102.9
O=C(OCc1ccccc1)c2ccccc2,0.0,1.0,480.0,480.0,0.0,480.0
CC(c1ccccc1)c2ccccc2,0.0,1.0,440.0,440.0,440.0,440.0
C(Cc1ccccc1)c2ccccc2,0.0,1.0,480.0,480.0,480.0,480.0
CCCCc1cccc2ccccc12,0.0,2.0,360.0,360.0,360.0,360.0
CCc1cc(CC)c(CC)c(CC)c1,0.0,2.0,324.9,0.0,325.0,324.9
CC(C)(C)c1ccc(cc1)C(C)(C)C,0.0,2.0,222.9,0.0,223.0,222.9
CCCCCCCCCCCCCC(O)=O,0.0,2.0,230.9,376.66666666666674,0.0,376.66666666666674
CCCCCCCCCCCCCCO,0.0,2.0,276.9,0.0,0.0,276.9
[H+].[Cl-].CCCCCCCCCCCCCCN,0.0,2.0,229.9,0.0,0.0,229.9
C[Si](C)(C)O[Si](C)(C)O[Si](C)(C)O[Si](C)(C)O[Si](C)(C)O[Si](C)(C)C,0.0,1.0,300.0,0.0,0.0,300.0
CC(C)(C1=CC=C(C=C1)O)C2=CC=C(C=C2)O,0.0,2.0,545.0,0.0,0.0,545.0
CCCCCC1=CC=CC2=CC=CC=C21,0.0,2.0,306.9,0.0,0.0,306.9
CCCC(=O)OCC(COC(=O)CCC)OC(=O)CCC,0.0,1.0,407.0,0.0,0.0,407.0
CCCCCCCCCCCCCC=C,0.0,2.0,236.9,236.66666666666669,237.0,236.66666666666669
CCCCCCCCCCCCCCC(O)=O,0.0,2.0,222.9,376.66666666666674,0.0,376.66666666666674
CCCCCCCCCCCCCCC,0.0,2.0,201.9,201.66666666666669,202.0,201.66666666666669
CCCCCCCCCCCCCCCO,0.0,2.0,276.9,0.0,0.0,276.9
CCCCOC(=O)c1ccccc1C(=O)OCCCC,0.0,1.0,402.0,402.22222222222223,0.0,402.22222222222223
CC(C)COC(=O)c1ccccc1C(=O)OCC(C)C,0.0,1.0,432.0,0.0,0.0,432.0
CCc1cc(CC)c(CC)c(CC)c1CC,0.0,2.0,292.9,0.0,293.0,292.9
CCCCCCCCCCCCCCC=C,0.0,1.0,240.0,240.0,240.0,240.0
CCCCCCCCCCCCCCCC(=O)O,0.0,2.0,214.9,376.66666666666674,0.0,376.66666666666674
CCCCCCCCCCCCCCCC,0.0,1.0,201.9,202.22222222222226,202.0,202.22222222222226
CC(CC(C)(C)C)CC(C)(C)CC(C)(C)C,0.0,2.0,704.9,0.0,0.0,704.9
CCCCCCCCCCCCCCCCO,0.0,2.0,276.9,0.0,0.0,276.9
CCCCCCCCOCCCCCCCC,0.0,1.0,205.0,205.0,0.0,205.0
CCCCCCCCSCCCCCCCC,0.0,2.0,172.9,0.0,0.0,172.9
CCCCCCCCNCCCCCCCC,0.0,2.0,244.9,0.0,0.0,244.9
CCCCC(CC)CNCC(CC)CCCC,0.0,2.0,219.9,0.0,0.0,219.9
C[Si](C)(C)O[Si](C)(C)O[Si](C)(C)O[Si](C)(C)O[Si](C)(C)O[Si](C)(C)O[Si](C)(C)C,0.0,2.0,301.9,0.0,0.0,301.9
CCCCCCCCCCCCCCCC=C,0.0,2.0,236.9,236.66666666666669,237.0,236.66666666666669
CCCCCCCCCCCCCCCCC(O)=O,0.0,2.0,207.9,0.0,0.0,207.9
CCCCCCCCCCCCCCCCC,0.0,2.0,201.9,201.66666666666669,202.0,201.66666666666669
CCCCCCCCCCCCCCCCCO,0.0,2.0,276.9,0.0,0.0,276.9
c1ccc2cc3c(ccc4ccccc34)cc2c1,0.0,2.0,556.9,0.0,0.0,556.9
c1ccc2cc3cc4ccccc4cc3cc2c1,0.0,2.0,556.9,0.0,557.0,556.9
C1=CC=C(C=C1)C2=CC(=CC=C2)C3=CC=CC=C3,0.0,1.0,555.0,0.0,0.0,555.0
c1ccc(cc1)c2ccccc2c3ccccc3,0.0,1.0,530.0,0.0,557.0,530.0
c1ccc(cc1)c2ccc(cc2)c3ccccc3,0.0,1.0,535.0,0.0,535.0,535.0
CCc1c(CC)c(CC)c(CC)c(CC)c1CC,0.0,2.0,267.9,0.0,268.0,267.9
CCCCCCCCCCCCCCCCCCO,0.0,2.0,276.9,0.0,0.0,276.9
C[Si](C)(C)O[Si](C)(C)O[Si](C)(C)O[Si](C)(C)O[Si](C)(C)O[Si](C)(C)O[Si](C)(C)O[Si](C)(C)C,0.0,2.0,301.9,0.0,0.0,301.9
CCCCCCCCCCCCCCCCCC=C,0.0,2.0,236.9,236.66666666666669,237.0,236.66666666666669
CCCCCCCCCCCCCCCCCCC(O)=O,0.0,2.0,195.9,376.66666666666674,0.0,376.66666666666674
CCCCCCCCCCCCCCCCCCCO,0.0,2.0,276.9,0.0,0.0,276.9
CC(C)C1=CC2=C(CC1)C3(C)CCCC(C)(C3CC2)C(O)=O,0.0,2.0,222.9,0.0,0.0,222.9
C[C@]1(CC[C@H]2C(=C1)CC[C@@H]3[C@]2(C)CCC[C@@]3(C)C(O)=O)C=C,0.0,2.0,186.9,0.0,0.0,186.9
CC(C)=C1CC[C@H]2C(=C1)CC[C@@H]3[C@]2(C)CCC[C@@]3(C)C(O)=O,0.0,2.0,287.9,0.0,0.0,287.9
CCCCCCOC(=O)c1ccccc1C(=O)OCCCCCC,0.0,2.0,276.9,0.0,0.0,276.9
CC(C)c1ccc2c(CC[C@H]3[C@](C)(C[NH3+])CCC[C@]23C)c1,0.0,1.0,220.9,221.11111111111111,0.0,221.11111111111111
CCCCCCCCCCCCCCCCCCC=C,0.0,2.0,236.9,236.66666666666669,237.0,236.66666666666669
CCCCCCCCCCCCCCCCCCCC(O)=O,0.0,2.0,189.9,0.0,0.0,189.9
CCCCCCCCCCCCCCCCCCCCO,0.0,2.0,276.9,0.0,0.0,276.9
Cc1ccccc1O[P](=O)(Oc2ccccc2C)Oc3ccccc3C,0.0,1.0,385.0,385.0,0.0,385.0
CCCCCCCCC1=CC=C(C=C1)OC(=O)C2=CC=CC=C2O,0.0,1.0,416.0,0.0,0.0,416.0
CC(C)c1ccc2c(CC[C@H]3[C@@](C)(CCC[C@]23C)C(O)=O)c1,0.0,2.0,328.9,0.0,0.0,328.9
CCCCCCCCCCCCCCCCCCCCC,0.0,2.0,201.9,0.0,202.0,201.9
CCCCCCCOC(=O)c1ccccc1C(=O)OCCCCCCC,0.0,2.0,386.9,0.0,0.0,386.9
CCCCC(CC)COC(=O)CCCCC(=O)OCC(CC)CCCC,0.0,2.0,376.9,0.0,0.0,376.9
CCCCCCCCCCCCCCCCCC(=O)OCCCC,0.0,1.0,350.0,355.0,0.0,355.0
CCCCCCCCCCCCCCCCCCCCCC,0.0,2.0,201.9,0.0,202.0,201.9
CCCCCCCCCCCCCCCCCCCCCCC,0.0,2.0,201.9,0.0,202.0,201.9
CCCCC(CC)COC(=O)c1ccccc1C(=O)OCC(CC)CCCC,0.0,1.0,391.0,0.0,0.0,391.0
CCCCCCCCOC(=O)c1ccc(cc1)C(=O)OCCCCCCCC,0.0,2.0,386.9,0.0,0.0,386.9
CCCCCCCCCCCCCCCCCCCCCCCC,0.0,2.0,201.9,0.0,202.0,201.9
CCCCCCCCN(CCCCCCCC)CCCCCCCC,0.0,2.0,225.9,0.0,0.0,225.9
CCCCC(CC)COC(=O)CCCCCCCC(=O)OCC(CC)CCCC,0.0,1.0,374.0,0.0,0.0,374.0
CCCCCCCCCCCCCCCCCCCCCCCCC,0.0,2.0,201.9,0.0,202.0,201.9
CC(C)CCCCCCOC(=O)c1ccccc1C(=O)OCCCCCCC(C)C,0.0,2.0,234.9,0.0,0.0,234.9
CCCCCCCCCOC(=O)c1ccccc1C(=O)OCCCCCCCCC,0.0,2.0,386.9,0.0,0.0,386.9
CCCCCCCCCCCCCCCCCCCCCCCCCC,0.0,2.0,201.9,0.0,202.0,201.9
CCCCCCCCCCCCCCCCCCCCCCCCCCC,0.0,2.0,201.9,0.0,202.0,201.9
CC(C)CCCCCCCOC(=O)c1ccccc1C(=O)OCCCCCCCC(C)C,0.0,1.0,401.9,401.66666666666674,0.0,401.66666666666674
CCCCCCCCCCOC(=O)c1ccccc1C(=O)OCCCCCCCCCC,0.0,2.0,381.9,0.0,0.0,381.9
CCCCCCCCCCCCCCCCCCCCCCCCCCCC,0.0,2.0,201.9,0.0,202.0,201.9
CCCCCCCCCCCCCCCCCCCCCCCCCCCCC,0.0,2.0,201.9,0.0,202.0,201.9
CCCCCCCCCCCOC(=O)c1ccccc1C(=O)OCCCCCCCCCCC,0.0,2.0,376.9,0.0,0.0,376.9
CCCCCCCCCCCCCCCCCCCCCCCCCCCCC=C,0.0,2.0,250.9,0.0,251.0,250.9
CCCCCCCCCCCCCCCCCCCCCCCCCCCCCC,0.0,2.0,201.9,0.0,0.0,201.9
CCCCCCCCCCCCCCCCCCCCCCCCCCCCCCCC,0.0,2.0,201.9,0.0,0.0,201.9
CCCCCCCCCCCCCCCCCCCCCCCCCCCCCCCCCCCC,0.0,2.0,201.9,0.0,0.0,201.9
CCCCCCCC\C=C/CCCCCCCC(=O)OCC(COC(=O)CCCCCCC\C=C/CCCCCCCC)OC(=O)CCCCCCC\C=C/CCCCCCCC,0.0,2.0,356.9,0.0,0.0,356.9
OCCS,0.0,1.0,295.0,0.0,0.0,295.0
OCCO,0.0,1.0,395.9,400.0,0.0,400.0
CO[S](=O)(=O)OC,0.0,1.0,188.0,187.77777777777783,0.0,187.77777777777783
CCO[S](O)(=O)=O,0.0,1.0,293.9,0.0,0.0,293.9
CCS,0.0,1.0,298.9,298.8888888888889,0.0,298.8888888888889
CSC,0.0,1.0,205.0,206.11111111111111,0.0,206.11111111111111
CCN,0.0,1.0,383.9,383.88888888888886,0.0,383.88888888888886
CNC,0.0,1.0,400.0,400.0,0.0,400.0
NCCN,0.0,1.0,385.0,385.0,0.0,385.0
C[SiH2]C,0.0,1.0,230.0,230.0,0.0,230.0
N#CCC#N,0.0,2.0,589.9,0.0,0.0,589.9
C=CC#N,0.0,1.0,481.1,481.1111111111112,0.0,481.1111111111112
o1cccn1,0.0,2.0,269.9,0.0,0.0,269.9
CC#C,0.0,1.0,340.0,0.0,340.0,340.0
C=CC=O,0.0,1.0,233.9,233.88888888888889,0.0,233.88888888888889
OCC#C,0.0,1.0,115.0,115.0,0.0,115.0
C=CC(=O)O,0.0,1.0,438.0,437.77777777777777,0.0,437.77777777777777
O=C1OCCO1,0.0,2.0,298.9,0.0,0.0,298.9
ClCC=C,0.0,1.0,485.0,485.0,0.0,485.0
ClCC1CO1,0.0,1.0,416.0,416.1111111111112,0.0,416.1111111111112
CCOC(Cl)=O,0.0,1.0,500.0,500.0,0.0,500.0
ClCC(Cl)CCl,0.0,1.0,303.9,303.8888888888889,0.0,303.8888888888889
CCC#N,0.0,2.0,511.9,511.66666666666674,0.0,511.66666666666674
OCCC#N,0.0,1.0,494.4,494.4444444444445,0.0,494.4444444444445
[O-][N+](=O)OCC(CO[N+]([O-])=O)O[N+]([O-])=O,0.0,1.0,270.0,270.0,0.0,270.0
C1CC1,0.0,1.0,497.9,497.77777777777777,498.0,497.77777777777777
CCC(Cl)Cl,0.0,2.0,556.9,556.6666666666667,0.0,556.6666666666667
CC(Cl)CCl,0.0,1.0,557.2,557.2222222222223,0.0,557.2222222222223
OCC(Cl)CCl,0.0,2.0,415.9,0.0,0.0,415.9
OC(CCl)CCl,0.0,2.0,415.9,0.0,0.0,415.9
C[Si](Cl)(Cl)C=C,0.0,1.0,349.0,0.0,0.0,349.0
OCC=C,0.0,1.0,377.9,378.33333333333337,0.0,378.33333333333337
COC=C,0.0,1.0,287.0,287.22222222222223,0.0,287.22222222222223
CCC=O,0.0,1.0,206.9,207.22222222222226,0.0,207.22222222222226
CC(C)=O,0.0,1.0,537.8,537.7777777777778,0.0,537.7777777777778
CC1CO1,0.0,1.0,430.0,465.0,0.0,465.0
CCC(=O)O,0.0,1.0,510.9,475.0,0.0,475.0
CCOC=O,0.0,1.0,455.0,455.0,0.0,455.0
COC(C)=O,0.0,1.0,501.9,501.66666666666674,0.0,501.66666666666674
CC(=O)CO,0.0,2.0,529.9,0.0,0.0,529.9
OCC1CO1,0.0,1.0,415.0,0.0,0.0,415.0
C1OCOCO1,0.0,1.0,413.9,413.88888888888886,0.0,413.88888888888886
CC(C)Cl,0.0,1.0,592.9,593.3333333333334,0.0,593.3333333333334
CCC[N+]([O-])=O,0.0,1.0,421.0,421.1111111111112,0.0,421.1111111111112
CC(C)[N+]([O-])=O,0.0,1.0,427.9,427.77777777777777,0.0,427.77777777777777
CCCO,0.0,1.0,370.9,371.1111111111112,0.0,371.1111111111112
COCOC,0.0,1.0,237.2,237.22222222222226,0.0,237.22222222222226
CC(O)CO,0.0,1.0,421.1,421.1111111111112,0.0,421.1111111111112
OCCCO,0.0,2.0,377.9,377.77777777777777,0.0,377.77777777777777
OCC(O)CO,0.0,1.0,370.0,392.77777777777777,0.0,392.77777777777777
CCCS,0.0,2.0,286.9,0.0,0.0,286.9
C[Si](C)(C)Cl,0.0,1.0,395.0,0.0,0.0,395.0
CCCN,0.0,1.0,317.9,317.77777777777777,0.0,317.77777777777777
CC(C)N,0.0,1.0,400.0,402.22222222222223,0.0,402.22222222222223
CN(C)C,0.0,1.0,190.0,190.0,0.0,190.0
CC(O)CN,0.0,1.0,373.9,373.88888888888886,0.0,373.88888888888886
CNCCO,0.0,1.0,350.0,350.0,0.0,350.0
NCCCN,0.0,2.0,387.9,0.0,0.0,387.9
C[Si](C)C,0.0,1.0,320.0,320.0,0.0,320.0
ClC(Cl)=C(Cl)C(Cl)=C(Cl)Cl,0.0,1.0,610.0,610.0,0.0,610.0
O=C1OC(=O)C=C1,0.0,1.0,476.9,476.66666666666674,0.0,476.66666666666674
N#CCCC#N,0.0,2.0,510.9,0.0,0.0,510.9
C=C1CC(=O)O1,0.0,1.0,310.0,310.0,0.0,310.0
OC(=O)\C=C\C(O)=O,0.0,1.0,740.0,740.0,0.0,740.0
ClC(=C)C=C,0.0,1.0,320.0,0.0,0.0,320.0
C=CCC#N,0.0,2.0,408.9,0.0,0.0,408.9
O=C1CCC(=O)N1,0.0,2.0,577.9,0.0,0.0,577.9
C/C=C/C=O,0.0,1.0,231.9,232.22222222222226,0.0,232.22222222222226
C1CC=CO1,0.0,1.0,309.0,0.0,0.0,309.0
C\C=C/C(O)=O,0.0,2.0,395.9,396.1111111111112,0.0,396.1111111111112
C/C=C/C(O)=O,0.0,1.0,395.9,396.1111111111112,0.0,396.1111111111112
CC(=C)C(O)=O,0.0,1.0,435.0,0.0,0.0,435.0
COC(=O)C=C,0.0,1.0,468.0,467.77777777777777,0.0,467.77777777777777
CC(=O)OC(C)=O,0.0,1.0,334.0,390.0,0.0,390.0
CC(=O)OCC(O)=O,0.0,2.0,448.9,0.0,0.0,448.9
OC(=O)COCC(O)=O,0.0,1.0,230.0,230.0,0.0,230.0
OC(C(O)C(O)=O)C(O)=O,0.0,1.0,427.8,427.77777777777777,0.0,427.77777777777777
CCCC#N,0.0,1.0,501.7,501.66666666666674,0.0,501.66666666666674
CC(C)(O)C#N,0.0,1.0,687.0,687.7777777777777,0.0,687.7777777777777
C1CCC1,0.0,2.0,426.9,426.66666666666674,427.0,426.66666666666674
C\C=C/C,0.0,1.0,325.0,325.0,325.0,325.0
C\C=C\C,0.0,1.0,323.9,323.8888888888889,324.0,323.8888888888889
CCOC=C,0.0,1.0,201.7,201.66666666666669,0.0,201.66666666666669
CCCC=O,0.0,1.0,215.9,230.0,0.0,230.0
CC(C)C=O,0.0,1.0,204.9,254.44444444444446,0.0,254.44444444444446
CCC(C)=O,0.0,1.0,515.6,515.5555555555555,0.0,515.5555555555555
C1CCOC1,0.0,1.0,321.1,321.1111111111112,0.0,321.1111111111112
CC1(C)CO1,0.0,2.0,439.0,0.0,0.0,439.0
CCSC(C)=O,0.0,2.0,282.9,0.0,0.0,282.9
CSCCC=O,0.0,1.0,255.0,0.0,0.0,255.0
CCCC(O)=O,0.0,1.0,449.9,452.22222222222223,0.0,452.22222222222223
CC(C)C(O)=O,0.0,1.0,420.0,501.66666666666674,0.0,501.66666666666674
CCCOC=O,0.0,1.0,455.0,455.0,0.0,455.0
CCOC(C)=O,0.0,1.0,426.9,426.66666666666674,0.0,426.66666666666674
C1COCCO1,0.0,1.0,180.0,180.0,0.0,180.0
C1COCOC1,0.0,1.0,274.0,0.0,0.0,274.0
CC(O)CC=O,0.0,1.0,250.0,0.0,0.0,250.0
CC(C)(O)C(O)=O,0.0,2.0,475.9,0.0,0.0,475.9
COC(=O)C(C)O,0.0,1.0,385.0,0.0,0.0,385.0
CCCCBr,0.0,1.0,265.0,265.0,0.0,265.0
CCCCI,0.0,2.0,280.9,0.0,0.0,280.9
CN(C)C(C)=O,0.0,1.0,354.0,353.88888888888886,0.0,353.88888888888886
C1COCCN1,0.0,1.0,310.0,310.0,0.0,310.0
CCCC[N+]([O-])=O,0.0,2.0,343.9,0.0,0.0,343.9
C1CNCCN1,0.0,1.0,455.0,455.0,0.0,455.0
CC(C)CO,0.0,1.0,408.0,426.66666666666674,0.0,426.66666666666674
CCOCC,0.0,1.0,160.0,180.0,0.0,180.0
CCCOC,0.0,2.0,250.9,0.0,0.0,250.9
COC(C)C,0.0,2.0,236.9,0.0,0.0,236.9
COCCOC,0.0,1.0,201.7,201.66666666666669,0.0,201.66666666666669
CCC(O)CO,0.0,2.0,391.9,0.0,0.0,391.9
CC(O)CCO,0.0,1.0,393.9,393.88888888888886,0.0,393.88888888888886
OCCCCO,0.0,2.0,356.9,356.66666666666674,0.0,356.66666666666674
CC(O)C(C)O,0.0,1.0,402.0,0.0,0.0,402.0
OCCOCCO,0.0,1.0,223.9,228.88888888888889,0.0,228.88888888888889
CC(O)C(O)CO,0.0,2.0,400.9,0.0,0.0,400.9
C(CO)C(CO)O,0.0,2.0,401.9,0.0,0.0,401.9
CCO[S](=O)(=O)OCC,0.0,1.0,395.0,436.1111111111112,0.0,436.1111111111112
CCCCS,0.0,2.0,271.9,0.0,0.0,271.9
CCCCN,0.0,1.0,311.9,312.22222222222223,0.0,312.22222222222223
CC(C)CN,0.0,1.0,378.0,377.77777777777777,0.0,377.77777777777777
OCCNCCO,0.0,1.0,661.9,662.2222222222222,0.0,662.2222222222222
NCCNCCO,0.0,1.0,367.9,367.77777777777777,0.0,367.77777777777777
CO[Si](C)(C)OC,0.0,1.0,352.0,0.0,0.0,352.0
C[Si](C)(C)C,0.0,1.0,330.0,176.66666666666669,0.0,176.66666666666669
NCCNCCN,0.0,1.0,357.9,357.77777777777777,0.0,357.77777777777777
c1ccncc1,0.0,1.0,481.9,482.22222222222223,0.0,482.22222222222223
C1C=CC=C1,0.0,1.0,640.0,640.0,0.0,640.0
C1=COC(=C1)CO,0.0,1.0,390.0,391.1111111111112,0.0,391.1111111111112
Cn1cccc1,0.0,1.0,590.0,590.0,0.0,590.0
C1CC=CC1,0.0,1.0,395.0,395.0,395.0,395.0
CC(=O)CC(C)=O,0.0,1.0,340.0,340.0,0.0,340.0
CC(=O)OCC=C,0.0,1.0,373.9,373.88888888888886,0.0,373.88888888888886
COC(=O)CC(C)=O,0.0,1.0,280.0,280.0,0.0,280.0
CCCCN=C=O,0.0,2.0,403.9,0.0,0.0,403.9
CN1CCCC1=O,0.0,1.0,346.0,346.1111111111112,0.0,346.1111111111112
O=CN1CCOCC1,0.0,1.0,345.0,0.0,0.0,345.0
C1CCCC1,0.0,1.0,361.0,361.1111111111112,380.0,361.1111111111112
CC\C=C/C,0.0,1.0,287.9,287.77777777777777,288.0,287.77777777777777
CC\C=C\C,0.0,1.0,284.9,285.0,0.0,285.0
CCC(C)=C,0.0,1.0,364.9,365.0,365.0,365.0
CC=C(C)C,0.0,1.0,364.9,0.0,365.0,364.9
CCCC(C)=O,0.0,1.0,452.0,452.22222222222223,0.0,452.22222222222223
CCC(=O)CC,0.0,1.0,451.9,452.22222222222223,0.0,452.22222222222223
CC(C)C(C)=O,0.0,2.0,474.9,0.0,0.0,474.9
CCCCC(O)=O,0.0,1.0,399.9,400.0,0.0,400.0
CC(C)CC(O)=O,0.0,1.0,416.0,416.1111111111112,0.0,416.1111111111112
CC(C)(C)C(O)=O,0.0,2.0,406.9,0.0,0.0,406.9
CCCCOC=O,0.0,1.0,321.9,322.22222222222223,0.0,322.22222222222223
CC(C)COC=O,0.0,1.0,320.0,320.0,0.0,320.0
CCCOC(C)=O,0.0,1.0,449.9,450.0,0.0,450.0
CC(C)OC(C)=O,0.0,1.0,460.0,478.88888888888886,0.0,478.88888888888886
CCOC(=O)CC,0.0,1.0,476.9,476.66666666666674,0.0,476.66666666666674
OCC1CCCO1,0.0,1.0,280.0,282.22222222222223,0.0,282.22222222222223
CCOC(=O)OCC,0.0,2.0,333.9,0.0,0.0,333.9
CCOC(=O)C(C)O,0.0,1.0,400.0,400.0,0.0,400.0
NC1CCCC1,0.0,1.0,260.0,0.0,0.0,260.0
CCC(C)C,0.0,1.0,420.0,420.0,420.0,420.0
CCCCCO,0.0,1.0,300.0,300.0,0.0,300.0
CCC(C)(C)O,0.0,1.0,435.0,437.22222222222223,0.0,437.22222222222223
CC(C)C(C)O,0.0,2.0,374.9,436.66666666666674,0.0,436.66666666666674
CCCCOC,0.0,2.0,237.9,0.0,0.0,237.9
COC(C)(C)C,0.0,1.0,460.0,0.0,0.0,460.0
CCOC(C)C,0.0,2.0,216.9,0.0,0.0,216.9
CCCOCCO,0.0,1.0,235.0,235.0,0.0,235.0
CC(C)(CO)CO,0.0,1.0,398.9,398.88888888888886,0.0,398.88888888888886
OCCCCCO,0.0,1.0,335.0,335.0,0.0,335.0
CC(O)CC(C)O,0.0,2.0,366.9,0.0,0.0,366.9
CCOCOCC,0.0,2.0,216.9,0.0,0.0,216.9
COCCOCCO,0.0,1.0,192.9,192.77777777777783,0.0,192.77777777777783
CCC(C)(C)[NH3+],0.0,2.0,408.9,0.0,0.0,408.9
C1=CC(=C(C=C1[N+](=O)[O-])[N+](=O)[O-])Cl,0.0,1.0,432.0,432.22222222222223,0.0,432.22222222222223
Clc1ccc(Cl)c(Cl)c1,0.0,1.0,571.1,571.1111111111112,0.0,571.1111111111112
Clc1cc(Cl)cc(Cl)c1,0.0,2.0,576.9,0.0,0.0,576.9
Clc1ccccc1Cl,0.0,1.0,647.9,647.7777777777778,0.0,647.7777777777778
Clc1cccc(Cl)c1,0.0,2.0,646.9,646.6666666666667,0.0,646.6666666666667
Clc1ccc(Cl)cc1,0.0,2.0,646.9,646.6666666666667,0.0,646.6666666666667
O=C1C=CC(=O)C=C1,0.0,2.0,560.0,0.0,0.0,560.0
Brc1ccccc1,0.0,1.0,565.0,565.0,0.0,565.0
Clc1ccccc1,0.0,1.0,637.9,637.7777777777778,0.0,637.7777777777778
Nc1ccc(Cl)c(Cl)c1,0.0,1.0,265.0,265.0,0.0,265.0
[O-][N+](=O)c1ccccc1,0.0,1.0,481.9,481.66666666666674,0.0,481.66666666666674
c1ccccc1,0.0,1.0,560.0,562.2222222222223,498.0,562.2222222222223
C1=CC(=CC(=C1)[N+](=O)[O-])N,0.0,2.0,576.9,576.6666666666667,0.0,576.6666666666667
Nc1ccccc1[N+]([O-])=O,0.0,1.0,521.0,521.1111111111112,0.0,521.1111111111112
Nc1ccc(cc1)[N+]([O-])=O,0.0,2.0,576.9,576.6666666666667,0.0,576.6666666666667
Oc1ccccc1,0.0,1.0,715.0,715.0,0.0,715.0
Oc1ccccc1O,0.0,2.0,566.9,566.6666666666667,0.0,566.6666666666667
Oc1cccc(O)c1,0.0,1.0,566.9,566.6666666666667,0.0,566.6666666666667
Oc1ccc(O)cc1,0.0,1.0,515.6,515.5555555555555,0.0,515.5555555555555
Nc1ccccc1,0.0,1.0,616.9,617.2222222222222,0.0,617.2222222222222
Cc1ccccn1,0.0,1.0,535.0,537.7777777777778,0.0,537.7777777777778
Cc1cccnc1,0.0,1.0,500.0,536.6666666666667,0.0,536.6666666666667
Cc1ccncc1,0.0,1.0,500.0,536.6666666666667,0.0,536.6666666666667
CC1=CC=CC1,0.0,1.0,445.9,446.1111111111112,445.0,446.1111111111112
N#CCCCCC#N,0.0,1.0,550.0,550.0,0.0,550.0
[H+].[Cl-].NNc1ccccc1,0.0,1.0,174.0,173.88888888888889,0.0,173.88888888888889
OC(=O)CC(O)(CC(O)=O)C(O)=O,0.0,1.0,1010.1,1010.0,0.0,1010.0
C1CCC=CC1,0.0,1.0,265.0,265.0,310.0,265.0
CC(C=C)C=C,0.0,1.0,312.9,0.0,313.0,312.9
O=C1CCCCC1,0.0,1.0,420.0,420.0,0.0,420.0
CC(C)=CC(C)=O,0.0,1.0,344.4,344.4444444444445,0.0,344.4444444444445
O=C1CCCCCO1,0.0,1.0,337.9,337.77777777777777,0.0,337.77777777777777
CCC(=O)OC(=O)CC,0.0,1.0,284.9,285.0,0.0,285.0
OC(=O)CCCCC(O)=O,0.0,1.0,420.0,422.22222222222223,0.0,422.22222222222223
CC(=O)OCCOC(C)=O,0.0,1.0,482.0,482.22222222222223,0.0,482.22222222222223
COC(=O)CCC(=O)OC,0.0,2.0,505.9,0.0,0.0,505.9
O=C1CCCCCN1,0.0,1.0,374.0,0.0,0.0,374.0
CC1CCCC1,0.0,1.0,328.9,328.8888888888889,315.0,328.8888888888889
CCCCC=C,0.0,1.0,253.0,252.77777777777783,265.0,252.77777777777783
CCC\C=C/C,0.0,1.0,252.9,252.77777777777783,282.0,252.77777777777783
CCC\C=C\C,0.0,1.0,244.9,245.0,0.0,245.0
CCC=CCC,0.0,2.0,281.9,281.6666666666667,0.0,281.6666666666667
CC\C=C\CC,0.0,2.0,275.9,276.11111111111114,276.0,276.11111111111114
CCCC(C)=C,0.0,1.0,300.0,300.0,306.0,300.0
CC(C)C(C)=C,0.0,1.0,360.0,360.0,370.0,360.0
CC(C)=C(C)C,0.0,1.0,400.6,400.55555555555566,401.0,400.55555555555566
CC(C)(C)C=C,0.0,2.0,356.9,0.0,357.0,356.9
CCCCOC=C,0.0,1.0,225.0,225.0,0.0,225.0
OC1CCCCC1,0.0,1.0,300.0,300.0,0.0,300.0
CCCCCC=O,0.0,1.0,197.9,0.0,0.0,197.9
CCCCC(C)=O,0.0,1.0,423.0,423.88888888888886,0.0,423.88888888888886
CCCC(=O)CC,0.0,2.0,438.9,0.0,0.0,438.9
CCC(C)C(C)=O,0.0,2.0,446.9,0.0,0.0,446.9
CC(C)CC(C)=O,0.0,1.0,448.0,458.88888888888886,0.0,458.88888888888886
CCC(=O)C(C)C,0.0,2.0,451.9,0.0,0.0,451.9
CC(=O)C(C)(C)C,0.0,2.0,460.9,0.0,0.0,460.9
CCCCCC(O)=O,0.0,1.0,379.9,380.0,0.0,380.0
CCC(CC)C(=O)O,0.0,1.0,399.9,400.0,0.0,400.0
CCC(C)(C)C(O)=O,0.0,2.0,386.9,0.0,0.0,386.9
CCCCOC(C)=O,0.0,1.0,420.9,421.1111111111112,0.0,421.1111111111112
CC(C)COC(C)=O,0.0,1.0,422.9,422.77777777777777,0.0,422.77777777777777
CCC(C)OC(C)=O,0.0,2.0,421.9,421.66666666666674,0.0,421.66666666666674
CCCOC(=O)CC,0.0,2.0,443.9,443.88888888888886,0.0,443.88888888888886
CCCC(=O)OCC,0.0,1.0,462.9,462.77777777777777,0.0,462.77777777777777
CC(=O)CC(C)(C)O,0.0,1.0,603.3,603.3333333333334,0.0,603.3333333333334
CCOCCOC(C)=O,0.0,1.0,379.4,379.4444444444445,0.0,379.4444444444445
CC1OC(C)OC(C)O1,0.0,1.0,237.9,237.77777777777783,0.0,237.77777777777783
COCC(C)OC(C)=O,0.0,1.0,354.0,0.0,0.0,354.0
NC1CCCCC1,0.0,1.0,293.0,292.77777777777777,0.0,292.77777777777777
C1CCCNCC1,0.0,1.0,330.0,330.0,0.0,330.0
CCNCC(C)=C,0.0,2.0,340.9,0.0,0.0,340.9
CCC(C)(C)C,0.0,1.0,425.0,425.0,405.0,425.0
CC(C)C(C)C,0.0,1.0,420.0,420.0,420.0,420.0
CCCC(C)C,0.0,1.0,305.9,306.1111111111112,306.0,306.1111111111112
CCC(C)CC,0.0,1.0,278.0,277.77777777777777,300.0,277.77777777777777
CCCOCCC,0.0,1.0,215.0,215.0,0.0,215.0
CCCCCOC,0.0,1.0,229.9,0.0,0.0,229.9
CCOC(C)OCC,0.0,1.0,230.0,230.0,0.0,230.0
CC(O)CC(C)(C)O,0.0,2.0,305.9,306.1111111111112,0.0,306.1111111111112
OCCCCCCO,0.0,2.0,411.9,0.0,0.0,411.9
CC(C)OCC(C)O,0.0,2.0,229.9,0.0,0.0,229.9
CCCOCC(C)O,0.0,2.0,238.9,0.0,0.0,238.9
COCCOCCOC,0.0,1.0,187.9,200.0,0.0,200.0
CCOCCOCCO,0.0,1.0,204.0,203.88888888888889,0.0,203.88888888888889
OCCOCCOCCO,0.0,1.0,370.9,371.1111111111112,0.0,371.1111111111112
CCCCCCS,0.0,2.0,246.9,0.0,0.0,246.9
CCCNCCC,0.0,1.0,299.0,298.8888888888889,0.0,298.8888888888889
CC(C)NC(C)C,0.0,1.0,315.6,315.5555555555556,0.0,315.5555555555556
CCCC[NH+](C)C,0.0,2.0,241.9,0.0,0.0,241.9
CCN(CC)CC,0.0,1.0,249.0,0.0,0.0,249.0
CC(O)CNCC(C)O,0.0,1.0,374.0,373.88888888888886,0.0,373.88888888888886
CCO[P](=O)(OCC)OCC,0.0,1.0,454.9,455.0,0.0,455.0
CN(C)CCN(C)C,0.0,2.0,348.9,0.0,0.0,348.9
NCCNCCNCCN,0.0,1.0,337.9,337.77777777777777,0.0,337.77777777777777
C[Si](C)(C)O[Si](C)(C)C,0.0,1.0,341.0,341.1111111111112,0.0,341.1111111111112
ClC(=O)c1ccccc1,0.0,1.0,85.0,85.0,0.0,85.0
O=C=Nc1ccccc1,0.0,2.0,600.9,0.0,0.0,600.9
O=Cc1ccccc1,0.0,1.0,191.9,191.66666666666669,0.0,191.66666666666669
OC(=O)c1ccccc1,0.0,1.0,573.9,573.8888888888888,0.0,573.8888888888888
Oc1ccc(C=O)cc1,0.0,2.0,237.9,0.0,0.0,237.9
C1=CC=C(C(=C1)C=O)O,0.0,2.0,248.9,0.0,0.0,248.9
OC(=O)c1ccccc1O,0.0,1.0,545.0,545.0,0.0,545.0
ClCc1ccccc1,0.0,1.0,585.0,585.0,0.0,585.0
NC(=O)c1ccccc1,0.0,2.0,672.9,0.0,0.0,672.9
CC1=CC(=CC=C1)[N+](=O)[O-],0.0,2.0,304.9,390.0,0.0,390.0
Cc1ccccc1[N+]([O-])=O,0.0,1.0,305.0,305.0,0.0,305.0
Cc1ccc(cc1)[N+]([O-])=O,0.0,1.0,390.0,390.0,0.0,390.0
Cc1ccccc1,0.0,1.0,480.0,536.1111111111112,420.0,536.1111111111112
OCc1ccccc1,0.0,1.0,435.9,436.1111111111112,0.0,436.1111111111112
Cc1cccc(O)c1,0.0,1.0,558.9,558.8888888888888,0.0,558.8888888888888
Cc1ccccc1O,0.0,1.0,598.9,598.8888888888888,0.0,598.8888888888888
Cc1ccc(O)cc1,0.0,1.0,558.9,558.8888888888888,0.0,558.8888888888888
COc1ccc(O)cc1,0.0,1.0,421.0,0.0,0.0,421.0
CNc1ccccc1,0.0,2.0,510.9,0.0,0.0,510.9
Cc1cccc(N)c1,0.0,1.0,482.0,482.22222222222223,0.0,482.22222222222223
Cc1ccccc1N,0.0,1.0,482.0,482.22222222222223,0.0,482.22222222222223
Cc1ccc(N)cc1,0.0,1.0,482.0,482.22222222222223,0.0,482.22222222222223
C1CC2CC1C=C2,0.0,1.0,505.0,505.0,505.0,505.0
Cc1c(N)cccc1N,0.0,2.0,476.9,0.0,0.0,476.9
CC(C)COC(=O)C=C,0.0,1.0,340.0,340.0,0.0,340.0
CCCOC(=O)C(C)=C,0.0,2.0,316.9,0.0,0.0,316.9
CC(O)COC(=O)C(C)=C,0.0,2.0,374.9,0.0,0.0,374.9
CC1CCCCC1,0.0,1.0,250.0,285.0,260.0,285.0
C1CCCCCC1,0.0,2.0,154.9,0.0,155.0,154.9
CCCCCC=C,0.0,1.0,260.0,262.77777777777777,260.0,262.77777777777777
CCCC\C=C/C,0.0,2.0,267.9,0.0,239.0,267.9
CCCC=CCC,0.0,2.0,313.9,0.0,0.0,313.9
CC(C)CCC=C,0.0,2.0,297.9,0.0,0.0,297.9
CCC(CC)C=C,0.0,2.0,326.9,0.0,327.0,326.9
CC(=C)C(C)(C)C,0.0,1.0,376.9,103.88888888888891,383.0,103.88888888888891
CCCCCCC=O,0.0,1.0,196.9,0.0,0.0,196.9
CCCCCC(C)=O,0.0,1.0,393.0,392.77777777777777,0.0,392.77777777777777
CCCCC(=O)CC,0.0,2.0,409.9,0.0,0.0,409.9
CCCC(=O)CCC,0.0,2.0,414.9,0.0,0.0,414.9
CC(C)CCC(C)=O,0.0,1.0,191.0,191.11111111111111,0.0,191.11111111111111
CC1(O)CCCCC1,0.0,1.0,295.0,0.0,0.0,295.0
C[C@H]1CCCC[C@H]1O,0.0,1.0,296.0,296.1111111111112,0.0,296.1111111111112
CC1CCCCC1O,0.0,1.0,296.0,296.1111111111112,0.0,296.1111111111112
C[C@@H]1CCC[C@H](O)C1,0.0,2.0,296.9,0.0,0.0,296.9
CC1CCC[C@@H](O)C1,0.0,2.0,296.9,0.0,0.0,296.9
CC1CCC(O)CC1,0.0,1.0,297.0,297.22222222222223,0.0,297.22222222222223
CCCCCCC(O)=O,0.0,1.0,359.9,376.66666666666674,0.0,376.66666666666674
CCCCCOC(C)=O,0.0,1.0,360.0,356.66666666666674,0.0,356.66666666666674
CC(C)CCOC(C)=O,0.0,1.0,360.0,360.0,0.0,360.0
CCCCOC(=O)CC,0.0,1.0,426.7,426.66666666666674,0.0,426.66666666666674
CCCOC(=O)CCC,0.0,2.0,405.9,0.0,0.0,405.9
CCCOC(=O)C(C)C,0.0,2.0,447.9,0.0,0.0,447.9
CCCC[C@@H](C)C([O-])=O,0.0,2.0,374.9,0.0,0.0,374.9
CCOCCC(=O)OCC,0.0,1.0,377.0,377.22222222222223,0.0,377.22222222222223
CCCC(C)(C)C,0.0,2.0,376.9,336.6666666666667,337.0,336.6666666666667
CC(C)CC(C)C,0.0,2.0,336.9,336.6666666666667,337.0,336.6666666666667
CCC(C)(C)CC,0.0,2.0,336.9,336.6666666666667,337.0,336.6666666666667
CC(C)C(C)(C)C,0.0,1.0,450.0,450.0,450.0,450.0
CCCCCCCO,0.0,2.0,281.9,281.6666666666667,0.0,281.6666666666667
CCCCCC(C)O,0.0,2.0,299.9,0.0,0.0,299.9
CCCCC(C)CO,0.0,2.0,267.9,0.0,0.0,267.9
COCCOCCOCCO,0.0,2.0,201.9,0.0,0.0,201.9
O=C1OC(=O)c2ccccc12,0.0,1.0,583.9,-262.77777777777777,0.0,-262.77777777777777
C#Cc1ccccc1,0.0,2.0,489.9,0.0,490.0,489.9
NCC=C,0.0,0.0,0.0,373.88888888888886,0.0,373.88888888888886
CCCCCOCCCCC,0.0,0.0,0.0,171.11111111111111,0.0,171.11111111111111
CCCCOC(=O)CCCCCCCCC(=O)OCCCC,0.0,0.0,0.0,365.0,0.0,365.0
FC(Cl)Cl,0.0,0.0,0.0,552.2222222222223,0.0,552.2222222222223
CCNCC,0.0,0.0,0.0,312.22222222222223,0.0,312.22222222222223
CN(C)CCO,0.0,0.0,0.0,295.0,0.0,295.0
COC,0.0,0.0,0.0,350.0,0.0,350.0
C[S](C)=O,0.0,0.0,0.0,215.0,0.0,215.0
CCCCCCCCOC(=O)c1ccccc1C(=O)OCCCCCCCC,0.0,0.0,0.0,391.1111111111112,0.0,391.1111111111112
CCC1CO1,0.0,0.0,0.0,438.88888888888886,0.0,438.88888888888886
CCC(CC)C(C)(C)CC,0.0,0.0,0.0,211.66666666666669,0.0,211.66666666666669
CCCC(C)(CC)CCC,0.0,0.0,0.0,211.66666666666669,0.0,211.66666666666669
CCOC(=O)CC(C)=O,0.0,0.0,0.0,295.0,0.0,295.0
CCO,0.0,0.0,0.0,422.77777777777777,0.0,422.77777777777777
CCCCCCO,0.0,0.0,0.0,285.0,0.0,285.0
C#N,0.0,0.0,0.0,537.7777777777778,0.0,537.7777777777778
CC(C)=C,0.0,0.0,0.0,465.0,465.0,465.0
OC(=O)c1cccc(c1)C(O)=O,0.0,0.0,0.0,496.1111111111112,0.0,496.1111111111112
CC(=C)C=O,0.0,0.0,0.0,233.88888888888889,0.0,233.88888888888889
CCC(C)CO,0.0,0.0,0.0,385.0,0.0,385.0
CCCCOC(=O)C=C,0.0,0.0,0.0,292.77777777777777,0.0,292.77777777777777
CCC(C)N,0.0,0.0,0.0,377.77777777777777,0.0,377.77777777777777
CC(=C)c1ccccc1,0.0,0.0,0.0,574.4444444444445,445.0,574.4444444444445
Cc1cccc(C=C)c1,0.0,0.0,0.0,488.88888888888886,489.0,488.88888888888886
CN(C)C=O,0.0,0.0,0.0,445.0,0.0,445.0
c1ccc2ccccc2c1,0.0,0.0,0.0,587.2222222222222,540.0,587.2222222222222
CCCCCCCC/C=C/CCCCCCCC(O)=O,0.0,0.0,0.0,362.77777777777777,0.0,362.77777777777777
CC(C(C)(C)C)C(C)(C)C,0.0,0.0,0.0,211.66666666666669,0.0,211.66666666666669
CCC(O)CC,0.0,0.0,0.0,435.0,0.0,435.0
OC(=O)c1ccccc1C(O)=O,0.0,0.0,0.0,496.1111111111112,0.0,496.1111111111112
CCCOC(=O)C=C,0.0,0.0,0.0,341.6666666666667,0.0,341.6666666666667
OC(=O)c1ccc(cc1)C(O)=O,0.0,0.0,0.0,496.1111111111112,0.0,496.1111111111112
CCCCCCCCCCCC=C,0.0,0.0,0.0,236.66666666666669,237.0,236.66666666666669
FC(F)Cl,0.0,0.0,0.0,632.2222222222222,0.0,632.2222222222222
CCCCCCC(C)(C)C,0.0,0.0,0.0,0.0,298.0,298.0
C[C@@H]1CCCC[C@@H]1C,0.0,0.0,0.0,0.0,304.0,304.0
C[C@@H]1CCCC[C@H]1C,0.0,0.0,0.0,0.0,304.0,304.0
C[C@H]1CCC[C@H](C)C1,0.0,0.0,0.0,0.0,306.0,306.0
CC(C)(C)C1CCCCC1,0.0,0.0,0.0,0.0,340.0,340.0
CC1CCC(C)C(C)C1C,0.0,0.0,0.0,0.0,370.0,370.0
CC[C@@H]1CC[C@@H](CC)CC1,0.0,0.0,0.0,0.0,304.0,304.0
CC(CC(C)(C)C1CCCCC1)C2CCCCC2,0.0,0.0,0.0,0.0,225.0,225.0
CCC#C,0.0,0.0,0.0,0.0,319.0,319.0
CC(=C)C#C,0.0,0.0,0.0,0.0,286.0,286.0
C=CCC#C,0.0,0.0,0.0,0.0,268.0,268.0
CC#CC=C,0.0,0.0,0.0,0.0,286.0,286.0
CC(C)C#C,0.0,0.0,0.0,0.0,295.0,295.0
CCCC#C,0.0,0.0,0.0,0.0,282.0,282.0
CCC#CC,0.0,0.0,0.0,0.0,302.0,302.0
CC/C=C/C,0.0,0.0,0.0,0.0,285.0,285.0
CCCCC#C,0.0,0.0,0.0,0.0,268.0,268.0
CCC#CCC,0.0,0.0,0.0,0.0,281.0,281.0
CCCC#CC,0.0,0.0,0.0,0.0,281.0,281.0
C=CCCC=C,0.0,0.0,0.0,0.0,319.0,319.0
CC/C=C/C=C,0.0,0.0,0.0,0.0,314.0,314.0
CCC/C=C/C,0.0,0.0,0.0,0.0,255.0,255.0
CC\C=C/CC,0.0,0.0,0.0,0.0,280.0,280.0
CCC(C)C=C,0.0,0.0,0.0,0.0,352.0,352.0
CCCC/C=C/C,0.0,0.0,0.0,0.0,244.0,244.0
CCC\C=C/CC,0.0,0.0,0.0,0.0,290.0,290.0
CCC/C=C/CC,0.0,0.0,0.0,0.0,304.0,304.0
CCCCC(C)=C,0.0,0.0,0.0,0.0,270.0,270.0
CCCC(=C)CC,0.0,0.0,0.0,0.0,327.0,327.0
C=CCCCCC=C,0.0,0.0,0.0,0.0,230.0,230.0
CCCCCCC#C,0.0,0.0,0.0,0.0,244.0,244.0
CCCCC\C=C/C,0.0,0.0,0.0,0.0,234.0,234.0
CCCCC/C=C/C,0.0,0.0,0.0,0.0,244.0,244.0
CCCC\C=C/CC,0.0,0.0,0.0,0.0,265.0,265.0
CCCC/C=C/CC,0.0,0.0,0.0,0.0,275.0,275.0
CCC\C=C/CCC,0.0,0.0,0.0,0.0,266.0,266.0
CC(C)CCCC=C,0.0,0.0,0.0,0.0,274.0,274.0
CCCCC(=C)CC,0.0,0.0,0.0,0.0,327.0,327.0
CCCC(CC)C=C,0.0,0.0,0.0,0.0,279.0,279.0
CCCC(C)C(C)=C,0.0,0.0,0.0,0.0,317.0,317.0
CCCC(C)CC=C,0.0,0.0,0.0,0.0,275.0,275.0
C=CCCCCCCC=C,0.0,0.0,0.0,0.0,292.0,292.0
CCCCCCCCCCCCCCCCC/C=C/C,0.0,0.0,0.0,0.0,226.0,226.0
C=CC1CCCCC1,0.0,0.0,0.0,0.0,270.0,270.0
CC(C)(C)c1ccccc1,0.0,0.0,0.0,0.0,445.0,445.0
Cc1cccc2ccccc12,0.0,0.0,0.0,0.0,529.0,529.0
Cc1ccc(cc1)C(C)(C)C,0.0,0.0,0.0,0.0,510.0,510.0
CCCc1cccc(C)c1C,0.0,0.0,0.0,0.0,465.0,465.0
C1CCC(CC1)c2ccccc2,0.0,0.0,0.0,0.0,540.0,540.0
Cc1cc(C)cc(c1)C(C)(C)C,0.0,0.0,0.0,0.0,560.0,560.0
CC(C)c1ccccc1C(C)C,0.0,0.0,0.0,0.0,448.0,448.0
CCc1ccc(cc1)C(C)(C)C,0.0,0.0,0.0,0.0,280.0,280.0
CCC1=C(C(=C(C=C1)C)C)C,0.0,0.0,0.0,0.0,493.0,493.0
CCc1c(C)ccc(C)c1C,0.0,0.0,0.0,0.0,493.0,493.0
CCc1cc(C)c(C)cc1C,0.0,0.0,0.0,0.0,493.0,493.0
CCc1cccc(CC)c1CC,0.0,0.0,0.0,0.0,367.0,367.0
CCCCCCCCCc1cccc2ccccc12,0.0,0.0,0.0,0.0,303.0,303.0
CCCCCCCCCCc1cccc2ccccc12,0.0,0.0,0.0,0.0,294.0,294.0
Cc1ccccc1C=C,0.0,0.0,0.0,0.0,494.0,494.0
C/C=C/c1ccccc1,0.0,0.0,0.0,0.0,575.0,575.0
CCc1ccccc1C=C,0.0,0.0,0.0,0.0,361.0,361.0
CCc1cccc(C=C)c1,0.0,0.0,0.0,0.0,384.0,384.0
CC(C)CCCC(C)C,0.0,0.0,0.0,0.0,280.0,280.0
C1CCCCCCCCCCC1,0.0,0.0,0.0,0.0,230.0,230.0
CC#CC,0.0,0.0,0.0,0.0,323.0,323.0
CCCC(C)C=C,0.0,0.0,0.0,0.0,305.0,305.0
CCC\C=C\CCC,0.0,0.0,0.0,0.0,279.0,279.0
C/C=C/C(C)=C,0.0,0.0,0.0,0.0,308.0,308.0
C1CCCCCC=CCCCC1,0.0,0.0,0.0,0.0,258.0,258.0
CCCc1cccc2ccccc12,0.0,0.0,0.0,0.0,417.0,417.0
CCc1ccc(C=C)cc1,0.0,0.0,0.0,0.0,362.0,362.0
c1ccc(cc1)c2cccc(c2)c3ccccc3,0.0,0.0,0.0,0.0,555.0,555.0
